tweets,labels,predictions
"Now I get it from #Fauci #COVID19 Hydroxychloroquine ‚û°Ô∏è cures ‚û°Ô∏è anecdotal

Social distancing ‚û°Ô∏è   Fewer cases ‚û°Ô∏è proof what we are doing is working",Hydroxychloroquine  cures  anecdotal.Social distancing  Fewer cases  proof what we are doing is working.,Hydroxychloroquine  cures  anecdotal
"#Foxnews is treating the #Covid19 #pandemic likes its a #Church charity #bakesale to replace granny's porch .. saying ""most people are immune to it anyways, its only like the flu"" .. This crap is what Trump listens to and promotes .. #Desantis wants Church get togethers #Florida","""most people are immune to it.its only like the flu.",#Foxnews is treating the #Covid19 #pandemic likes its
Hey idiots he said LIGHT DISINFECTANT as in the use of Ultraviolet light treatment. But you go right ahead and do what you think he said. It might cure your TDS #disinfectant #idiots Covid 19 #COVIDIOTS,he said LIGHT DISINFECTANT as in the use of Ultraviolet light treatment.It might cure your TDS.,he said LIGHT DISINFECTANT as in the use of Ultraviole
"Simple vinegar can help you protect your home against viruses like the Airborne Coronavirus. Mix 3 Parts water 1 part cleaning vinegar, boil it until your house is steamy. It kills bacteria in the air and brings it down to ground level we have also been told n95 masks work wash",Simple vinegar can help you protect your home against viruses like the Airborne Coronavirus.It kills bacteria in the air and brings it down to ground level.,Simple vinegar can help you protect your home against viruses like the Airborne Coronavirus.It
"Studies on #hydroxychloroquine are problematic, says prof. 'Evidence does not back it up': Guelph prof says drug touted as #coronavirus cure could do more harm than good",Studies on #hydroxychloroquine are problematic.drug touted as #coronavirus cure could do more harm than good.,drugs touted as #coronavirus cure could do more harm than good.
RT @CHIZMAGA: Hillary Clinton is immune from the Coronavirus because it only attacks people with a soul,Hillary Clinton is immune from the Coronavirus.it only attacks people with a soul.,Hillary Clinton is immune from the Coronavirus because it only attacks people with a soul.
"#COVID2019 can be carried by anyone: a US citizen, a Japanese tourist, an undocumented youth, or a Member of Congress. #Coronavirus doesn√¢¬Ä¬ôt care about your party, gender or religion. It is not Chinese, it√¢¬Ä¬ôs a virus. Below are some myth busters from WHO","#COVID2019 can be carried by anyone.#Coronavirus doesn√¢t care about your party, gender or religion. It is not Chinese, it√¢s a virus.",#COVID2019 can be carried by anyone.#Coronavirus doesn√¢
Why are we still shut down? We have a treatment for #COVID19 - hydroxychloroqiun + Zpac or Zinc.  99% cure rate.  How is it different than treating flu with Tamiflu? Serious questions,We have a treatment for #COVID19 - hydroxychloroqiun + Zpac or Zinc.99% cure rate.,We have a treatment for #COVID19 - hydroxychloroq
"When do these women start pledging to get Constitutional equality for women? It is impossible to get equal pay without the #ERA. It is impossible to shift the rape culture without #ERA. WAKE UP 35 States allow police to rape someone in their custody & claim it was consensual. pic.twitter.com/TwxP6TKP1a ‚Äî Rethinking Eve (@RethinkingEve) February 8, 2018",It is impossible to get equal pay without the #ERA.It is impossible to shift the rape culture without #ERA.States allow police to rape someone in their custody & claim it was consensual.,It is impossible to get equal pay without the #ERA.It is impossible to shift the
@DerrickByford @afneil Because there is no cure or vaccine for Covid-19. You can provide some protection from by the flu vaccine,there is no cure or vaccine for Covid-19.You can provide some protection from by the flu vaccine.,there is no cure or vaccine for Covid-19.
"@Lostinram @QueenDandelion2 Yeah it is an infusion of plasma containing the appropriate #Covid19 antibodies, it would do both: prevent AND cure.  This is why Boris Johnson lives to be stupid another day, and why The Hate Yam wears a smug 'duping-delight' smile as he says he will not take precautions. #Antibodies",Yeah it is an infusion of plasma containing the appropriate #Covid19 antibodies.it would do both: prevent AND cure.,"it is an infusion of plasma containing the appropriate #Covid19 antibodies, it would"
"If you have seen the breathing technique that has gone viral after being tweeted by @jk_rowling as a 'cure' for coronavirus, please note that @TheACPRC does not support it and it can be harmful in some cases #covid19 #breathingtechnique #coronavirus",@TheACPRC does not support it.it can be harmful in some cases #covid19.,@TheACPRC does not support it and it can be harmful in some cases.
"Does China think the world is dumb? You created a bio weapon in a LAB. You stopped people getting into Wuhan but they could leave, 2 missing weeks from your timeline, 5000 urns mysteriously showing up and the WHO in your back pocket. China Virus China Lied People Die #coronavirus",You created a bio weapon in a LAB.You stopped people getting into Wuhan but they could leave.2 missing weeks from your timeline.5000 urns mysteriously showing up.,You created a bio weapon in a LAB.You stopped people getting into Wuhan
@Breaking911 I call BS just search twitter for wuhan. This is bigger than they are reporting. How many are dying at home? People are dropping like flies. Wuhan is the epicenter for the worlds most dangerous pathogens. Is this a test for biowarfare,People are dropping like flies.Wuhan is the epicenter for the worlds most dangerous pathogens.,People are dropping like flies.Wuhan is the epicenter for the worlds
"@RahulGandhi 1Trump:Drink Lysol/Dettol to get cured frm Coronavirus Outbreak 
2Modi: BANG THALIS, LIT DIYAS &amp; MOMBATTI TO GET CURED FRM CORONA VIRUS

BHAKTS",":Drink Lysol/Dettol to get cured frm Coronavirus Outbreak.BANG THALIS, LIT DIYAS &amp; MOMBATTI TO GET CURED FRM CORONA VIRUS.",Drink Lysol/Dettol to get cured frm Coronavirus Outbreak
"NIMH Whistleblower: US &amp; China Collaborated to Make a Deadly #Coronavirus‚Ñ¢ :  Peter Breggin MD

Confirmsg that US &amp; China Collaborated to Make a Deadly #Coronavirus

Evidence Dr Fauci knew it was being developed as a #bioweapon.

https://t.co/Mbwdl3RRHz

@99freemind",US &amp; China Collaborated to Make a Deadly #Coronavirus.Dr Fauci knew it was being developed as a #bioweapon.,US &amp; China Collaborated to Make a Deadly #Corona
i attended the amvca on the 14th of march at eko hotel even the after party i decided to isolate myself a day after when a rumor began early morning work outs daily in my room i obeyed the 14 days isolation period day 9 now love and light guys covid19out,i attended the amvca on the 14th of march at eko hotel.i decided to isolate myself a day after when a rumor began.,i attended the amvca on the 14th of march at eko hotel.i
"https://t.co/8bBhQHQZSQ
 
 Chinese state agitprop now claims you.S. withdrew from a bioweapons treaty in 2001 in order to develop and release SARS in China in 2003. Oh, and we also used invisible drones to kill millions of Chinese pigs. 
 
 Beijing is becoming Insanity Central",you.S. withdrew from a bioweapons treaty in 2001 in order to develop and release SARS in China in 2003.we also used invisible drones to kill millions of Chinese pigs.,Chinese state agitprop now claims you.S. withdrew from a bio
Chinese spies brought it back to the bio weapons lab in Wuhan. There they perfected the plan to bring down the US &amp; make a ‚Äùkilling‚Äù collaborating with Bill Gates on a vaccine,Chinese spies brought it back to the bio weapons lab in Wuhan.they perfected the plan to bring down the US &amp; make a ‚Äùkilling‚Äù collaborating with Bill Gates on a vaccine.,Chinese spies brought it back to the bio weapons lab in Wuhan.There they perfect
Why Chinese people were so immune to Chinese Virus19 #COVID19. Wondering how it only spread majorly in Wuhan and not in rest of China. China Lied People Died . China's low death rate stats since beginning was misleading. Why WHO is silent. #WHOLiedPeopleDied,it only spread majorly in Wuhan and not in rest of China.China's low death rate stats since beginning was misleading.,Chinese people were so immune to Chinese Virus19 #COVID19.
"@limbaugh  Herd Immunity in #California ... We experienced herd immunity in So Cal :Mom-age 93 had #COVID19 in mid December as did a friend-age 86,son-age30, grandson-9. We spent time together and no one else got sick. Mom has been gallivanting but now immune",We experienced herd immunity in So Cal.Mom has been gallivanting but now immune.,Herd Immunity in #California...We experienced herd immunity
"#coronavirus #coronoavirus 
A Doctor From Tamil Nadu Has Claimed That They Can Cure The Coronavirus. Coronavirus Medicine Has Made From Herbal Medicines. Which Is Capable Of Curing",A Doctor From Tamil Nadu Has Claimed That They Can Cure The Coronavirus.Coronavirus Medicine Has Made From Herbal Medicines. Which Is Capable Of Curing.,A Doctor From Tamil Nadu Has Claimed That They Can Cure The Coronavirus.Cor
"Virus Linked To Convert Bio-Weapons Program. Chinese lab near seafood market suspected as origin of illness - https://t.co/OSDYa0iv3W @BillGertz

#frontpagestoday #USA The Washington Times #buyapaper",Virus Linked To Convert Bio-Weapons Program.Chinese lab near seafood market suspected as origin of illness.,Chinese lab near seafood market suspected as origin of illness.
"@NYGovCuomo Good. that is the least that China can do since they unleashed a bioweapon on the world from their Wuhan Lab. Remember, China committed homicide on every New Yorker who dies of the #Coronavirus",that is the least that China can do since they unleashed a bioweapon on the world from their Wuhan Lab.China committed homicide on every New Yorker who dies of the #Coronavirus.,China committed homicide on every New Yorker who dies of the #Corona
"GUYS I THOUGHT IT WAS JUST A FLU, THE NEWS SAID WE did not HAVE TO WORRY #coronavirus",IT WAS JUST A FLU.THE NEWS SAID WE did not HAVE TO WORRY.,I THOUGHT IT WAS JUST A FLU.WE did not HAVE TO
germany is conducting 160k covid19 tests a week it has a total 35k ventilators 10k ordered to be made by the govt it has converted a new 1k bed hospital in berlin its death rate is tiny bcos its mass testing allows quarantine and bcos it has fewer non reported cases,germany is conducting 160k covid19 tests a week it has a total 35k ventilators 10k ordered to be made by the govt it has converted a new 1k bed hospital in berlin.its death rate is tiny.,germany is conducting 160k covid19 tests a week.it has a total
"what is more, people infected with #COVID19 are not producing strong immune responses and there are at least 30 variants of this virus - meaning there may not be ‚Äòherd immunity",people infected with #COVID19 are not producing strong immune responses.there are at least 30 variants of this virus.,people infected with #COVID19 are not producing strong immune responses.there are
"I am taking #coronavirus preventive measures now. In a few minutes I will inject and drink this @Lysol toilet bowl cleaner which kills ""99.9% of viruses and bacteria**."" What really sold me on this is the 10X cleaning power. I will provide regular updates on progress","I am taking #coronavirus preventive measures now.I will inject and drink this @Lysol toilet bowl cleaner which kills ""99.9% of viruses and bacteria.this is the 10X cleaning power.",I am taking #coronavirus preventive measures now.In a few minutes I
"@NMACCommunity @PrEPSQUADDC Without hope, we have nothing!  The only real hope of ending the epidemic is a cure; especially for those who have stage3-HIV. üíî
#CommitToACure","Without hope, we have nothing.The only real hope of ending the epidemic is a cure.",The only real hope of ending the epidemic is a cure.
"@toyinomotoso In these times of covid-19 where there is no vaccine or cure yet. WHO recommends that the best way to fight the virus is by boosting your immune system. 
I have great news for you.
Fruit flavoured water bottle helps with keeping your immune system intact. It is made in such a way",the best way to fight the virus is by boosting your immune system.Fruit flavoured water bottle helps with keeping your immune system intact.,the best way to fight the virus is by boosting your immune system.Fight flavoure
"James Rickards argues COVID-19 Came From Chinese Biowarfare Lab https://t.co/EBNj0aSYZd I am warning Putin and Xi are partnering - Putin's aspirations to dominate world as a SuperPower that Russia is not - Napoleon complex (shared by Fauci, Bloomberg) @realDonaldTrump #coronavirus",COVID-19 Came From Chinese Biowarfare Lab.Putin and Xi are partnering.,COVID-19 Came From Chinese Biowarfare Lab.Putin and
"Top 10 Trump quotes:
1. #coronavirus is fake""
2. ""I am the chosen one""
3. ""I am, like, really smart""
4. ""I call her Pocahontas""
5. ""Impeachment is a hoax""
6. ""No quid pro quo""
7. ""No collusion""
8. ""I am a stable genius""
9. ""Climate change is a hoax""
10. ""Windmills because cancer","#coronavirus is fake.""I am the chosen one.""I call her Pocahontas.""Impeachment is a hoax.""I am a stable genius.""Climate change is a hoax.","#coronavirus is fake.""I am a really smart."
"The chance of a wrong result for a #COVID19 antibody-immunity test is ~90%. If it is negative, sometimes doctors will repeat the test. People who have had #coronavirus will have IgG antibodies in their blood and will very likely be immune to SARS-CoV-2 for at least a year.   6/8",The chance of a wrong result for a #COVID19 antibody-immunity test is 90.People who have had #coronavirus will have IgG antibodies in their blood and will very likely be immune to SARS-CoV-2 for at least a year.,The chance of a wrong result for a #COVID19 antibody-imm
@RepGalonski If you do not like #Hydroxychloroquine you will definitely not like adding #azythromycin to it. Because that is the cure. Obviously you do not want that so may be let Bill Gates inject you with with one of his viruses. Also do not take #Adrenochrome. That makes Covid 19 worse.#Qanon,If you do not like #Hydroxychloroquine you will definitely not like adding #azythromycin to it.that is the cure.That makes Covid 19 worse.,If you do not like #Hydroxychloroquine you will definitely not
The #COVID19 #pandemic reminds us that older people are at risk from infectious respiratory diseases - staying healthy and vaccinated against flu/pneumonia can help reduce the risk of hospitalisation &amp; we can all help protect them from #coronavirus,older people are at risk from infectious respiratory diseases.staying healthy and vaccinated against flu/pneumonia can help reduce the risk of hospitalisation.,older people are at risk from infectious respiratory diseases.
dear coronavirus cases grew to over 1000 tonight with at least 31 deaths virus has spread to 38 states can you tweet about 1 when are we going to get sufficient numbers of test kits amp 2 if the labs have the materials they need that would be helpful,coronavirus cases grew to over 1000 tonight with at least 31 deaths.virus has spread to 38 states.,coronavirus cases grew to over 1000 tonight with at least 31 deaths.virus has
"In a first, Germany is requesting the removal of the Trump appointed ambassador to Germany, Richard Grenell. They consider him to stoke racism and fascism on the country. that is where we are at, folks. The Germans want the American gone, because he is a Nazi. ‚Äî Andrew James Gregor (@andrewjgregor) March 19, 2019","Germany is requesting the removal of the Trump appointed ambassador to Germany, Richard Grenell.They consider him to stoke racism and fascism on the country.Germans want the American gone, because he is a Nazi.","Germany is requesting the removal of the Trump appointed ambassador to Germany, Richard Grenell."
"#Coronaviruses is dangerous for people who have weaker immune systems, like young children and older adults. There are no vaccines to protect people from contracting a coronavirus. Work on boosting your immunity: https://t.co/owSArUQVm8 

#Immunity Wuhan Virus",#Coronaviruses is dangerous for people who have weaker immune systems.There are no vaccines to protect people from contracting a coronavirus.,"#Coronaviruses is dangerous for people who have weaker immune systems, like"
@MarshaBlackburn @WHO @DrTedros We need answers as to how our @POTUS could be so ill-informed as to muse out loud about disinfectant in the body as a source of a #COVID19 cure.  I do get why you would rather focus on something else. @WHO is a convenient scapegoat. Trump Press Conference,muse out loud about disinfectant in the body as a source of a #COVID19 cure.@WHO is a convenient scapegoat.,@POTUS could be so ill-informed as to muse out loud
We are aware that there is fake news circulating that garlic can prevent and/or cure the #Coronavirus. THIS IS FALSE! üìµ[Issued by Western Cape Government,there is fake news circulating that garlic can prevent and/or cure the #Coronavirus.THIS IS FALSE.,garlic can prevent and/or cure the #Coronavirus.
breaking qantas to ground most of its a380 fleet reducing international capacity by almost a quarter for next six months ceo will take no salary for the rest of the fin year all because of coronavirus,a380 fleet reducing international capacity by almost a quarter for next six months.ceo will take no salary for the rest of the fin year.,qantas to ground most of its a380 fleet reducing international capacity by
US Senator @SenTomCotton says the virus originated in #Wuhan's Super Level Biosecurity Laboratory in #China and that China always lies because they created a deadly virus #COVID19 #SARSCoV2 in that laboratory and spread it around the World. Bio Weapon,the virus originated in #Wuhan's Super Level Biosecurity Laboratory in #China.China always lies.they created a deadly virus #COVID19 #SARSCoV2 in that laboratory and spread it around the World.,the virus originated in #Wuhan's Super Level Biosecurity Laboratory in #China.
#US orders group to stop selling #bleach 'miracle cure' for #coronavirus - US orders group to stop selling bleach 'miracle cure' for coronavirus,#US orders group to stop selling #bleach'miracle cure' for #coronavirus.US orders group to stop selling bleach'miracle cure' for coronavirus.,#US orders group to stop selling #bleach'miracle cure' for #
"Why are BBC smearing amazing Scientific results at prestigious US Laboratory which prove direct sunlight kills Coronavirus in 2mins?

BBC NOT INTERESTED IN FACTS
BBC HAS ANTI-TRUMP AGENDA  #DefundTheBBC #BBCBreakfast #bbcyourquestions #Covid19UK #gmb #lbc #talkradio #bbcfakenews",direct sunlight kills Coronavirus in 2mins.BBC NOT INTERESTED IN FACTS.BBC HAS ANTI-TRUMP AGENDA.,direct sunlight kills Coronavirus in 2mins.
#Trump now suggesting it might be useful to fight the virus by injecting ourselves with disinfectant. There will be a cure for Covid 19 but there are not no cure for stupid,fight the virus by injecting ourselves with disinfectant.There will be a cure for Covid 19.,#Trump now suggesting it might be useful to fight the virus by injecting ourselves with disinfect
"#MSM:
@POTUS says inject Lysol for #COVID19, ppl will do it &amp; DIE",inject Lysol for #COVID19.ppl will do it &amp; DIE.,"inject Lysol for #COVID19, ppl will do it &amp"
"Did the Wuhan Virus escape from China‚Äôs Bio Weapons lab? 
https://t.co/gkosElZQgI 
Dany Shoham, an Israeli biological warfare expert believes the virus had originated in a Wuhan laboratory linked to China‚Äôs secret biological weapons program.
#conoravirus Wuhan Coronovirus",Wuhan Virus escape from China‚Äôs Bio Weapons lab.the virus had originated in a Wuhan laboratory linked to China‚Äôs secret biological weapons program.,the virus had originated in a Wuhan laboratory linked to China‚Äôs secret biological weapons program
"Chinese in #Wuhan have bags over their heads to try to protect against the Public Scientific Institution created Bioweapon &amp; released by accident pandemic. News in that N95 masks DO NOT protect you from the virus, you need a full face Hazmat mask. 12 out of 100 people exposed Die","Chinese in #Wuhan have bags over their heads to try to protect against the Public Scientific Institution created Bioweapon &amp; released by accident pandemic.N95 masks DO NOT protect you from the virus, you need a full face Hazmat mask.12 out of 100 people exposed Die.",Chinese in #Wuhan have bags over their heads to try to protect against the Public Scientific
"#coronavirus #COVID Ends after this #may12

This has been proved and ends eventually we would be seeing cases descreasing and the affected patients would be cured miraculously.
corona ends May12
corona ends may12
corona ends may12
corona ends
ramdhan blessings",#coronavirus #COVID Ends after this #may12.we would be seeing cases descreasing and the affected patients would be cured miraculously.,This has been proved and ends eventually we would be seeing cases descreasing and the
"@globaltimesnews it is a Bio Weapon that got loose... Stop fooling yourselves about Bat Soup or Fucking Monkeys.  Wuhan, China has a Level 4 Biolab (Like CDC) that the Chinese use for storage and Testing of Biological Weapons. Somehow this Bug got Out",it is a Bio Weapon that got loose.China has a Level 4 Biolab (Like CDC) that the Chinese use for storage and Testing of Biological Weapons.,"it is a Bio Weapon that got loose.Wuhan, China has a Level"
Whistle blower said that evil #CCP intended to spread their new bio weapon #COVID19 in #HK to eliminate #HKprotests last september They even ran the #coronavirus drill at Wuhan airport in September to validate the bioweapon and drugs,#CCP intended to spread their new bio weapon #COVID19 in #HK.They even ran the #coronavirus drill at Wuhan airport in September.,#CCP intended to spread their new bio weapon #COVID19 in #HK.
"Where where you @WHO in November before the outbreak? What where you doing?? #coronavirus. 

You ignored and now people are dying Chinese Virus China Lied People Died 

China Must Pay for this, they used this as a bio weapon",people are dying.they used this as a bio weapon.,people are dying.
#Oklahomagovernor is kissing @realDonaldTrump ass a guy who says to inject Clorox &amp; drink Lysol to cure Covid 19  @GovStitt is a no brain fool who told us stay outside &amp; now wants to kill us so some business make $$ and in return dump $$ in his campaign @TheOklahoman_,#Oklahomagovernor is kissing @realDonaldTrump ass.inject Clorox &amp; drink Lysol to cure Covid 19.@GovStitt is a no brain fool who told us stay outside &amp; now wants to kill us.,inject Clorox &amp; drink Lysol to cure Covid 19.
"I have some good #news, #hydroxychloriquine can cure the #coronavirus. But, the problem is that it is not tested",#hydroxychloriquine can cure the #coronavirus.it is not tested.,#hydroxychloriquine can cure the #coronavirus.it is not
"About the virus... You will hear ""no evidence a mask prevents you from catching it"". Understand ""mask"" in public health-eze means those flimsy paper things that gap at the sides--those help you minimize spread to others. A tight fitting mask rated N95/N100 will minimize exposure",help you minimize spread to others.A tight fitting mask rated N95/N100 will minimize exposure.,"""no evidence a mask prevents you from catching it."
"@globaltimesnews Dis is a china master plan, 1st they spread china virus to world and they say they introduced vaccine https://t.co/P8dcc1t7s4  knows what vl be d future of Chinese",Dis is a china master plan.1st they spread china virus to world and they say they introduced vaccine.,Dis is a china master plan.they spread china virus to world.they introduced vaccine.
"Hospital Sungai Buloh will soon to be COVID-19 centre. May this effort be a paradigm for a better precaution to all Malaysians. we are arranging beds 100% for COVID-19 patients, &amp; re-distributing in-House patients to other Tertiary Hospital/District Hosp for continuation of care","Hospital Sungai Buloh will soon to be COVID-19 centre.we are arranging beds 100% for COVID-19 patients, &amp; re-distributing in-House patients to other Tertiary Hospital/District Hosp for continuation of care.",Hospital Sungai Buloh will soon to be COVID-19 centre.we
"No miracle cure for #COVID19: ‚ÄúThere are side effects to hydroxychloroquine,‚Äù Prof @meganranney explains",No miracle cure for #COVID19.‚ÄúThere are side effects to hydroxychloroquine.,‚ÄúThere are side effects to hydroxychloroquine.
"@AnonBelgian #covid19 is a deadly virus for those at risk. Not just old people, anyone with preconditions.
The fact you or I can get immunity is a good response of our immune system, does not mean we are not contagious

Get 
https://t.co/ejOO9t8E1w
Some help","#covid19 is a deadly virus for those at risk. Not just old people, anyone with preconditions.The fact you or I can get immunity is a good response of our immune system, does not mean we are not contagious.",#covid19 is a deadly virus for those at risk.
@Lisavipes Just scrolled his news feed. I am pretty sude vitamin C kills coronavirus and left handed people will be safer in a right handed world if we are all quarantined. The randomness is amusing,vitamin C kills coronavirus.left handed people will be safer in a right handed world if we are all quarantined.,sude vitamin C kills coronavirus.left handed people will be safer in 
The lockdowns do not cure the virus. It WILL spread once the lockdown is over. that is ok as long as we do not overwhelm the hospitals,The lockdowns do not cure the virus.It WILL spread once the lockdown is over.,The lockdowns do not cure the virus.It WILL spread once the lockdown is
"@standardnews God has a cure for all Diseases.
King David Healing Anointing Oil.
A simple healing balm for everyone.

Say no to #Coronavirus
Say no to cancer
Say no HIV
Say no to diabetes 
Say no to tumor

Eternal life is real 

Dm if interested Say No To Death",God has a cure for all Diseases.Eternal life is real.,God has a cure for all Diseases.
What she says üëáüèº One might add that there will not be a vaccine against climate change. Only a ‚Äòlife style‚Äô change and a course correction will make it go away. Good news is we know the cure: #SDGs &amp; Paris Agreement. Needs to be integral part of üåè #COVID19 recovery. @SelwinHart,there will not be a vaccine against climate change.Only a ‚Äòlife style‚Äô change and a course correction will make it go away.we know the cure.#SDGs &amp; Paris Agreement. Needs to be integral part of  #COVID19 recovery.,there will not be a vaccine against climate change.Only a ‚Äòlife style‚Äô
"BREAKING NEWS-
Injecting disinfectant into the body will destroy COVID-19, but it only works on Trump supporters. Also heat and light will destroy the virus. Put a hair dryer down your throat and a flashlight up your ass and you will be cured in 12 hours. (J/K)pls do not try this","Injecting disinfectant into the body will destroy COVID-19, but it only works on Trump supporters.heat and light will destroy the virus.Put a hair dryer down your throat and a flashlight up your ass and you will be cured in 12 hours.","Injecting disinfectant into the body will destroy COVID-19, but it only works"
"@JoeBiden This vile bag of flesh, @JoeBiden , took billions of dollars to surrender the you.S. to China, covered up China's use of infected Covid19 people as bio weapons against the you.S. and called Trump a racist for stopping it. When not sexually assaulting women, @JoeBiden kills Americans","@JoeBiden, took billions of dollars to surrender the you.S. to China.covered up China's use of infected Covid19 people as bio weapons against the you.S.called Trump a racist for stopping it.@JoeBiden kills Americans.","@JoeBiden, took billions of dollars to surrender the you."
"The president of Belarus is insisting that #vodka and saunas will cure the #coronavirus ‚Äî while claiming nations that have gone into lockdown are in the throes of a ‚Äúpsychosis,‚Äù...‚ÄúThere are no viruses here,‚Äù (Alexander Lukashenko) said...‚ÄúI do not see them.‚Äù NYPOST 3-30-20",#vodka and saunas will cure the #coronavirus.nations that have gone into lockdown are in the throes of a ‚Äúpsychosis.,The president of Belarus is insisting that #vodka and saunas will cure the #
@puneet_se This is Corona after effect...which is anyways viral in the world üòúüòúüòú. It prevents you from #coronavirus,This is Corona after effect.It prevents you from #coronavirus.,This is Corona after effect...which is anyways viral in the world.It prevents
todays coronavirus recap 110029 covid19 cases globally amp 3817 deaths 93 of cases in all of italy on lockdown in china 70 of cases recovered countries w community transmission should consider closing schools cancelling gatherings,110029 covid19 cases globally amp 3817 deaths 93 of cases in all of italy.lockdown in china.,110029 covid19 cases globally amp 3817 deaths 93 of cases in all of
"@CNN ?we are missing @drsanjaygupta is simplest of cures (chickensoup). Ozone or Ozone Therapy(OT),  or a combination purges  #COVID19 from the inside;  souring the milk so to speak; Is the way that you weaken (infectivity), and kill IT within the human body! Novel Coronavirus","Ozone or Ozone Therapy(OT), or a combination purges #COVID19 from the inside.Is the way that you weaken (infectivity), and kill IT within the human body.",?we are missing.
"Do not inject #bleach #clorox #lysol #tidepods. Those disinfectants will not cure ü¶†#coronavirus #COVID19. Those will kill you!

U2 #Ultraviolet
Science light my way",Those disinfectants will not cure #coronavirus #COVID19.Those will kill you.,Those disinfectants will not cure #coronavirus #COVID19
"Fully enclosing the user, a PAPR consists of a hood or helmet and a filtered respirator to provide the wearer a constant flow of clean air. This positive pressure prevents entry of unfiltered air and protects the health worker from inhaling aerosolized #COVID19 particles",PAPR consists of a hood or helmet and a filtered respirator.positive pressure prevents entry of unfiltered air and protects the health worker from inhaling aerosolized #COVID19 particles.,This positive pressure prevents entry of unfiltered air and protects the health worker from inhal
"Whatever helps public health and prevents the spread of the disease is good and what helps to spread it is sin,"" #Khamenei said #coronavirus",Whatever helps public health and prevents the spread of the disease is good.what helps to spread it is sin.,Whatever helps public health and prevents the spread of the disease is good and what helps to spread
"@TimsRedPants @garethicke @blasphemybunny If you believe this virus is new. I think it has been around for at least a year, and loads of people are already immune to it. Lots of places in #Italy barely touched by Corona Virus. #Milan has lots of #Smog and loads of #5G",Lots of places in #Italy barely touched by Corona Virus.#Milan has lots of #Smog and loads of #5G.,"it has been around for at least a year, and loads of people are already immune to"
"@JohnCornyn Sen Cornyn, we need an independent investigation about the origin of the #coronavirus. Is this deadly virus a bio weapon from #China?? If we do nth, people who died from the virus will not forgive us! China Virus",this deadly virus a bio weapon from #China.people who died from the virus will not forgive us.,we need an independent investigation about the origin of the #coronavirus.
"Ibuprofen and Aleve will not help #COVID19 Tylenol is safe
The only thing a pain suffer that once was on opiates can take after surgery Went off of opiates 2014 No cure for ‚ôøÔ∏èNeuropathy",Ibuprofen and Aleve will not help #COVID19.Tylenol is safe.,Ibuprofen and Aleve will not help #COVID19.Ty
"@MrLekanAdigun I am dying of laughter reading comments here.
Some wailers are now the news of CoronaVirus is fake. Most of them re wailing bcos their expectation was cut short.
This people never disappoint",Some wailers are now the news of CoronaVirus is fake.Most of them re wailing bcos their expectation was cut short.,the news of CoronaVirus is fake.
@POTUS @CNN @UN @FBI @IsraeliPM @NIA_India @adgpi @INTERPOL_HQ @GermanyUN   #coronavirus is #chinabio  terrorists bombs which are invisible. To loot Earth loot civilization loot resources kill-nuke #life with bio weapon. Why world is sitting as lame Duck.  7 billion people pain,#coronavirus is #chinabio terrorists bombs.7 billion people pain.,#coronavirus is #chinabio terrorists bombs which are invisible.To
https://t.co/PfNwXsqITU  Ozone is a cure üòá Calcium Hypochlorite Cures Disease üòá Including COVID 19.. https://t.co/bakAkCTHNF üòáSwine flu cure üòáhttps://t.co/46updyPGxN üòáBrian Leonard Golightly Marshall ‚ù§Ô∏è Covid 19 #injectingdisinfectant God always knows,Ozone is a cure.Calcium Hypochlorite Cures Disease  Including COVID 19.,Ozone is a cure.
"@tamilravi This seems to be a bioware.. 

Source of the virus china , it should know the consequences.. like communal spread.. china should lockdown its international passengers and quarantine them",This seems to be a bioware.Source of the virus china.,This seems to be a bioware.. Source of the virus china.
RT @FreedomWatchUSA: $20 Trillion Lawsuit Against China! US Group Says Coronavirus Is Bioweapon,$20 Trillion Lawsuit Against China.US Group Says Coronavirus Is Bioweapon.,$20 Trillion Lawsuit Against China.Coronavirus Is Bioweapon
"Trump used his briefing 2 suggest that injecting Lysol into the body could cure COVID-19. This means that not only do we have 2 keep ourselves safe from a virus, we also have 2 protect ourselves from the lethal messages coming from the leader of the free world. THIS IS NOT NORMAL",injecting Lysol into the body could cure COVID-19.THIS IS NOT NORMAL.,injecting Lysol into the body could cure COVID-19.
"I can supply ICU ventilators, UV lysol glow cure for #COVID19 &amp; monkey-squirrel vaccines contra #Coronavirus

Send me $69 billion, stat",I can supply ICU ventilators.UV lysol glow cure for #COVID19.monkey-squirrel vaccines contra #Coronavirus.,"I can supply ICU ventilators, UV lysol glow cure for #COVI"
did you all know that there are 96950 cases of covid19 right now did you all know 3308 people have died from it but did you all know that 53981 of these cases have already recovered stop letting the media control your brain scare tactics are real tactics do your research,there are 96950 cases of covid19 right now did you all know 3308 people.3308 people have died from it.53981 of these cases have already recovered.,there are 96950 cases of covid19 right now.3308 people have died from
"@NorthmanTrader Until you see the words ""contained"" or ""cure"" for the Wuhan stuff expect the market to be down as it gets worse before it gets better","Until you see the words ""contained"" or ""cure"" for the Wuhan stuff expect the market to be down.it gets worse before it gets better.","Until you see the words ""contained"" or ""cure"" for the Wuhan"
"This is deadly serious:  Talking about corona-virus this morning, Trump said, 'We closed it down. We stopped it.'  There were 15 confirmed cases in the US a week ago.  There are 233 today.  There will be *5,000* in a week  TRUMP'S INCOMPETENCE KILLS","'We closed it down. We stopped it.There were 15 confirmed cases in the US a week ago.There are 233 today.There will be *5,000* in a week.",There were 15 confirmed cases in the US a week ago.There are 233 today.
"@bhanu_pralhad The coronavirus is fake, its Armaghetton they are killing people for food, we are at war woth prince Charles, Satan , Amd Harry and Megan the beast.  They are all hiding in fear right now from Israel who is coming with her army of real Gods  to kill them. We have two weeks","The coronavirus is fake.they are killing people for food.we are at war woth prince Charles, Satan, Amd Harry and Megan the beast.They are all hiding in fear right now from Israel who is coming with her army of real Gods to kill them.We have two weeks.",The coronavirus is fake.they are killing people for food.
"The protein by which viruses such as #coronavirus are sensed is encoded on the X chromosome. As a result, this protein is expressed at twice the dose on many immune cells in females compared to males, &amp; the immune response to coronavirus is therefore amplified in females. @BBC",The protein by which viruses such as #coronavirus are sensed is encoded on the X chromosome.&amp;the immune response to coronavirus is therefore amplified in females.,The protein by which viruses such as #coronavirus are sensed is encoded on
#China approves two #coronavirus vaccines for human trials.we soon will have vaccination for it,#China approves two #coronavirus vaccines for human trials.we.trials.we soon will have vaccination for it.,#China approves two #coronavirus vaccines for human trials.we soon will
Even 90% Effective Vaccine Can Stop Outbreak of New Deadly Coronavirus - Professor. Omits the mystery China Virus has components of Bat and Snake Viruses plus a component that causes the Pneumonia to be a contagious Virus. Flu Vaccines have that,Even 90% Effective Vaccine Can Stop Outbreak of New Deadly Coronavirus.China Virus has components of Bat and Snake Viruses plus a component that causes the Pneumonia to be a contagious Virus.,Even 90% Effective Vaccine Can Stop Outbreak of New Deadly Coronavirus.China 
"Bleeding and leaches does not work either.
 would be more safe Trump-loving conspiracy nuts tout drinking ""dangerous bleach"" as miracle cure for coronavirus","Bleeding and leaches does not work either.drinking ""dangerous bleach"" as miracle cure for coronavirus.",Bleeding and leaches does not work.
"killua is immune to poison, I am sure he would be immune to corona",killua is immune to poison.I am sure he would be immune to corona.,killua is immune to poison.he would be immune to corona.
Lol. This ENTIRE #coronavirus is fake news. The #chip is coming.  Brutal governments want more control and human blood and body parts to eat,#coronavirus is fake news.governments want more control and human blood and body parts to eat.,This ENTIRE #coronavirus is fake news.The #chip is coming.
8 confirmed cases here in KL. People are calm as if it is just a regular day because everyone knows it is just a flu. It will not kill you if you are healthy. Pinoys should read more rather than listening to our sensationalized news,8 confirmed cases here in KL.People are calm as if it is just a regular day.it is just a flu.It will not kill you if you are healthy.,8 confirmed cases here in KL.It will not kill you if you are healthy
hold on china communist party now denying coronavirusoutbreak originated in china this after beijings catastrophic mishandling of the virus has caused a global health crisis what a collection of incompetent thugs liars link,china communist party now denying coronavirusoutbreak originated in china.beijings catastrophic mishandling of the virus has caused a global health crisis.,communist party now denying coronavirusoutbreak originated in china.
coronavirus at my SCHOOL my immune system is not ready for this,coronavirus at my SCHOOL.my immune system is not ready for this.,coronavirus at my SCHOOL my immune system is not ready for this.
"""The plasma of people who have recently recovered from #COVID19 is rich in antibodies, ‚Äúthat basically bind to virus and neutralize it. It gives the very ill an ‚Äúimmune boast‚Äù that could help save lives."" #plasmatherapy #hope #cdnpoli","""The plasma of people who have recently recovered from #COVID19 is rich in antibodies.‚Äúthat basically bind to virus and neutralize it.It gives the very ill an ‚Äúimmune boast.","""The plasma of people who have recently recovered from #COVID19 is rich in antibodies"
"#Cambodia is fine. #Cambodia is rich. We are immune to #COVID19 We do not have the ""Barang"" virus.  Just keep giving us money. More and more money. Please! Just keep giving ...  More and more ...  and more and more ... and even more. PLEASE. Just keep giving ... money ... #UK","#Cambodia is fine.#Cambodia is rich.We are immune to #COVID19.We do not have the ""Barang"" virus.",#Cambodia is fine.#Cambodia is rich.We are immune
"Read This Thread About #China  and #coronavirus
China Lied People Die  Chinese Bioterrorism
Chinese Virus Corona

China ,The Mother Of Chinese Virus.

Corona Virus Is China's Lab Made Bio Weapon
(1/14","China,The Mother Of Chinese Virus.Corona Virus Is China's Lab Made Bio Weapon.",China Lied People Die Chinese Bioterrorism.Corona Virus Is China's
"New Study Finds This Everyday Thing Kills Coronavirus Very QUICKLY, Experts Still Say Pandemic Will Last Through Summer",This Everyday Thing Kills Coronavirus Very QUICKLY.Pandemic Will Last Through Summer.,Everyday Thing Kills Coronavirus Very QUICKLY.pandemic Will Last
"Ok so China‚Äôs death toll is 3,335
The United States is 14,802
And Italy‚Äôs death toll 17,669
I am beginning to think this is really a bio weapon designed by China #coronavirus Stay Home Save Lives","China‚Äôs death toll is 3,335.The United States is 14,802.Italy‚Äôs death toll 17,669.this is really a bio weapon designed by China.","China‚Äôs death toll is 3,335 The United States is 14,802 And Italy"
"Antibiotics are a weapon against harmful bacteria, but are ineffective against viruses. So taking antibiotics can not cure #COVID19 infection
 
 India Fights Corona","Antibiotics are a weapon against harmful bacteria, but are ineffective against viruses.antibiotics can not cure #COVID19 infection.",antibiotics can not cure #COVID19 infection.
"Q
China Virus COVID-19
98

The China Virus, known as coronavirus or COVID-19, was likely engineered as a bio-weapon by China's Wuhan Institute of Virology with assistance from Harvard University.  Described as a ticking time bomb, the coronavirus was unleashed at a point in time","The China Virus, known as coronavirus or COVID-19, was likely engineered as a bio-weapon by China's Wuhan Institute of Virology with assistance from Harvard University.the coronavirus was unleashed at a point in time.","The China Virus, known as coronavirus or COVID-19, was likely"
coronavirus oil prices crash asian markets tumble after virus grips about half of the world death toll crosses 3800 china 2020 car sales set to fall new infections rate slowing south korea health minister says italy outpaces south korea in cases,oil prices crash asian markets tumble after virus grips about half of the world death toll crosses 3800.china 2020 car sales set to fall new infections rate slowing south korea.,coronavirus oil prices crash asian markets tumble after virus grips about half of
Media is bombarding us with queries about fake cases. I will be the one who will know first. I request you desist from fake news #Coronavirus,Media is bombarding us with queries about fake cases.I will be the one who will know first.,Media is bombarding us with queries about fake cases.
"First publication on a vaccine tested in humans: a phase 1 trial from China. In brief, the Ad5 vectored #COVID19 #vaccine is tolerable and immunogenic at 28 days post-vaccination #coronavirus Coronavirus Pandemic Coronavirus Outbreak",First publication on a vaccine tested in humans.the Ad5 vectored #COVID19 #vaccine is tolerable and immunogenic at 28 days post-vaccination.,the Ad5 vectored #COVID19 #vaccine is tolerable and
I just recovered from the flu so that means I am immune to the coronavirus,I just recovered from the flu.I am immune to the coronavirus.,I am immune to the coronavirus.
"‚ÄúCORONAVIRUS MAY HAVE ORIGINATED IN LAB LINKED TO CHINA‚ÄôS BIOWARFARE PROGRAM‚Äù

Chinese internet claim the virus is part of a you.S. conspiracy to spread germ weapons. That could indicate China is preparing propaganda outlets to counter charges",‚ÄúCORONAVIRUS MAY HAVE ORIGINATED IN LAB LINKED TO CHINA‚ÄôS BIOWARFARE PROGRAM.the virus is part of a you.S. conspiracy.,‚ÄúCORONAVIRUS MAY HAVE ORIGINATED IN LAB LINKED
@realDonaldTrump According to a DC insider and long term friend that graduated at the top of our class-C-19 may not have been bio-engineered as a BIO WEAPON-but it was purposely RELEASED as a BIO WEAPON to hurt AMERICA - China in conjunction with rogue US INTELL of the IMPEACHMENT LEFT r guilty,class-C-19 may not have been bio-engineered as a BIO WEAPON-but.it was purposely RELEASED as a BIO WEAPON.China in conjunction with rogue US INTELL of the IMPEACHMENT LEFT r guilty.,a DC insider and long term friend that graduated at the top of our class-C
"Four people in Nevada viciously robbed and killed by an illegal immigrant who should not have been in our Country. 26 people killed on the Border in a drug and gang related fight. Two large Caravans from Honduras broke into Mexico and are headed our way. We need a powerful Wall! ‚Äî Donald J. Trump (@realDonaldTrump) January 21, 2019",Four people in Nevada viciously robbed and killed by an illegal immigrant.26 people killed on the Border in a drug and gang related fight.Two large Caravans from Honduras broke into Mexico and are headed our way.,Four people in Nevada viciously robbed and killed by an illegal immigrant.26
Coronavirus is fake news. People need to worry about the T-Virus,Coronavirus is fake news.People need to worry about the T-Virus.,Coronavirus is fake news.
"@martinvars While mask are key to prevent the spread this is called ecological fallacy and falling into error of assigning causality. If you did,  this, you would assume drinking bubble tea prevents #coronavirus or #COVID19 deaths. Trace, contact and test is the mantra","mask are key to prevent the spread.If you did, this, you would assume drinking bubble tea prevents #coronavirus or #COVID19 deaths.","If you did, this, you would assume drinking bubble tea prevents #coronavirus"
"I do not know what all the fuss is all about with Trump. He is right, if you INJECT DETTOL or BLEACH into your veins you will be cured of Coronavirus!?? You will also be DEAD but that is just a side-effect #COVID19",if you INJECT DETTOL or BLEACH into your veins you will be cured of Coronavirus.You will also be DEAD but that is just a side-effect.,if you INJECT DETTOL or BLEACH into your veins you will
"‚ö†Ô∏èChinese doctors say autopsies of #coronavirus victims suggest that #COVID19 is ‚Äúlike a combination of #SARS and #AIDS as it damages both the lungs and immune systems,‚Äù and can because ‚Äúirreversible‚Äù lung damage even if the patient survives.  @thespybrief",#COVID19 is ‚Äúlike a combination of #SARS and #AIDS as it damages both the lungs and immune systems.can because ‚Äúirreversible‚Äù lung damage.,autopsies of #coronavirus victims suggest that #COVID19 is
"üòÆSweden never locked down and is expected to have herd immunity within weeks. Its just a flu bruh"" guys may have been right. #COVID19",Sweden never locked down and is expected to have herd immunity within weeks.Its just a flu.,Sweden never locked down and is expected to have herd immunity within weeks.
"#infodemics : #fakenews and #disinformation on #coronavirus #covid19

From conspiracy theory to health remedies, and EU inaction.

Help complete the list 

No. 1 Coronavirus is a hoax, it does not exist

Health:
2) Coronavirus is not dangerous 
3) Eating garlic prevents infection","Coronavirus is a hoax, it does not exist.Coronavirus is not dangerous.Eating garlic prevents infection.","Coronavirus is a hoax, it does not exist.Coronavirus is"
@Ghost9552 If it were radiation sickness. Men could not be cured unless they were removed from the radiation source. Men are being cured while exposed to 4G and 5G. Hair falling out and vomiting are radiation symptoms. Pneumonia? does not sound familiar to me. It is definitely a coronavirus,Men could not be cured unless they were removed from the radiation source.Men are being cured while exposed to 4G and 5G.Hair falling out and vomiting are radiation symptoms.It is definitely a coronavirus.,Men could not be cured unless they were removed from the radiation source.Men are
"@cangal21 In my psychology, a virus ‚Äúmade in china‚Äù will not last long to start with ü§£ü§£ü§£ü§£‚Äî-a vaccine developed in China by a communism system! Nah! No thanks",a virus ‚Äúmade in china‚Äù will not last long.vaccine developed in China by a communism system.,a virus ‚Äúmade in china‚Äù will not last long to start with ‚Äî-
my fever is now above 100 the ers and urgent care sites have no tests the closest er asked me to hold on when i called ahead to make sure id be isolated and punted me to a recording about covid I am a doctor i know we are not prepared covid19 trumpvirus,urgent care sites have no tests.the closest er asked me to hold on when i called ahead to make sure id be isolated and punted me to a recording about covid.we are not prepared covid19.,my fever is now above 100.the ers and urgent care sites have no tests.
26 dead from corona national guard mobilized containment areas states of emergency widespread panic 50 are killed on the streets of chicago every month crickets,26 dead from corona national guard mobilized containment areas.50 are killed on the streets of chicago every month crickets.,26 dead from corona national guard mobilized containment areas.50 are killed on the
"Flu Season is winding down and warm weather is returning.  Experts predicted 70% of Americans would be infected with #COVID19.  Turns out .005% were.  Missed it by THAT much.  Fear Porn, it is the new Fake News",Flu Season is winding down and warm weather is returning.70% of Americans would be infected with #COVID19.Turns out.005% were.,Experts predicted 70% of Americans would be infected with #COVID19..00
"@AngryTiger__ Wash your hands and sanitize them so they can be clean...ü§î
Covid-19 affects the lungs...ü§î
So if one is infected, we could boil soap or sanitizer and inhale the steam to cure it.
Voila",Covid-19 affects the lungs.boil soap or sanitizer and inhale the steam to cure it.,"if one is infected, we could boil soap or sanitizer and"
"Shut up Nancy, you evil evil person 
There will be a cure at some point for the  #coronavirus 

Unfortunately I fear there is no cure for stupidity, hate, and jealously","There will be a cure at some point for the #coronavirus.there is no cure for stupidity, hate, and jealously.",There will be a cure at some point for the #coronavirus.there is
"The fact that this has had to be issued in response to #IMPOTUS 's suggested medical investigations for Covid 19 cure just beggars belief.
@realDonaldTrump is irresponsible &amp; dangerous.
Disinfectant giant warns against injecting its products https://t.co/FHZ3GU361y via @BBCNews",@realDonaldTrump is irresponsible &amp; dangerous.Disinfectant giant warns against injecting its products.,@realDonaldTrump is irresponsible &amp; dangerous.
"Garlic may be tasty, but it will not protect you from the new #coronavirus.  do not spread rumors.  The fight against #COVID19 is also a fight against disinformation.  Share Information Share Knowledge Stay At Home Challenge",it will not protect you from the new #coronavirus.The fight against #COVID19 is also a fight against disinformation.,"Garlic may be tasty, but it will not protect you from the new #corona"
"I had been improving, but we think I have developed pneumonia now. it is not terrible, but it is not cool either and it sets things way back. But, if the covid-19 test is negative, I am going to be terrified of the outside world until this is over.
#coronavirus
#Quarantine
#stayhome","I had been improving, but we think I have developed pneumonia now.it is not terrible, but it is not cool either and it sets things way back.","I had been improving, but we think I have developed pneumonia now.it is not terrible,"
"CQ approved for immediate use.

The cure is released right on time.

Strong isolation measures to stop the spread.

Not until the last minute.

Cure the sick &amp; stop the spread.

Targeting the real ""Invisible Enemy"".

it is all about the break.

Tough truths coming.

Trust The Plan",CQ approved for immediate use.The cure is released right on time.Strong isolation measures to stop the spread.,CQ approved for immediate use.
"Globally, about 3.4% of reported #COVID19 cases have died. By comparison, seasonal flu generally kills far fewer than 1% of those infected- @DrTedros  #coronavirus","Globally, about 3.4% of reported #COVID19 cases have died.seasonal flu generally kills far fewer than 1% of those infected.","Globally, about 3.4% of reported #COVID19 cases have died."
@MFA_China Yeah. Ok. You made it in your bio weapon lab. And why are you burning towns and people,You made it in your bio weapon lab.burning towns and people.,You made it in your bio weapon lab.
So the guy the Freedumb Fighters follow suggested injecting clorox or lysol will cure or prevent #Covid19 while his folowers call the nurses fake? Makes sense. #Freedumb,injecting clorox or lysol will cure or prevent #Covid19.his folowers call the nurses fake.,injecting clorox or lysol will cure or prevent #Covid19.
"EXCLUSIVE Nadine Dorries, a health minister, has become first MP to be diagnosed with coronavirus She has been in Westminster for past week, met hundreds of people, and attended a No 10 reception hosted by Boris Johnson on Thursday","Nadine Dorries, a health minister, has become first MP to be diagnosed with coronavirus.She has been in Westminster for past week, met hundreds of people, and attended a No 10 reception hosted by Boris Johnson on Thursday.","Nadine Dorries, a health minister, has become first MP to be diagnosed with"
"#wuhanvirus #bioweapon #chinavirus:  New York State 783 dead from #coronavirus in one day, but number of patients on ventilators starting to dip: Cuomo",New York State 783 dead from #coronavirus in one day.number of patients on ventilators starting to dip.,New York State 783 dead from #coronavirus in one day.
"This news is FALSE!
Alcohol is not a cure or vaccine s seen in the imegae by @WorldHealthOrg2 It cannot cure or prevent coronavirus. Instead, it can make you have health problems and this risky. Eat healthy and Live healthy; stay safe!

Facts Matter #COVID19 #NABNTV",This news is FALSE! Alcohol is not a cure or vaccine.It cannot cure or prevent coronavirus.it can make you have health problems and this risky.,Alcohol is not a cure or vaccine.It cannot cure or prevent coronavirus
"Nationalist leaders failed in confronting Covid19 as they only listen to themselves , they started to suggest cures like injections of Dettol  one of the bright side effects of Covid19 #COVID19 #Trump Democratic Party",Nationalist leaders failed in confronting Covid19.they started to suggest cures like injections of Dettol.,Nationalist leaders failed in confronting Covid19 as they only listen to themselves.
"Chinese communism did untold evil to this world.

(1) China manufactured the #coronavirus
(2) China disappeared researchers, doctors, &amp; lab samples
(3) China lied about the outbreak &amp; human-to-human transmission to the @WHO

#COVID19 is not a bioweapon but its effects are of one","China manufactured the #coronavirus.China disappeared researchers, doctors, &amp; lab samples.China lied about the outbreak &amp; human-to-human transmission to the @WHO.#COVID19 is not a bioweapon but its effects are of one.","China manufactured the #coronavirus.China disappeared researchers, doctors, &amp;"
"@ChinaDaily Why novel? It was #sars virus! #china synthesized it in a lab to be more contagious! Using as bio-weapon worldwide now! To weaken other economies globally! 

Covid 19",#china synthesized it in a lab to be more contagious.Using as bio-weapon worldwide now! To weaken other economies globally.,It was #sars virus.#china synthesized it in a lab
I found a #cure worse than the disease for #COVID19 that @realDonaldTrump might approve just drink a gallon of bleach while (and this is the important part) shining a UV light up your butt... one of the two should kill you and then you do not have to worry about #COVID19 anymore,I found a #cure worse than the disease for #COVID19.drink a gallon of bleach while (and this is the important part) shining a UV light up your butt... one of the two should kill you.,I found a #cure worse than the disease for #COVID19.
"Leftists freaking out as #POTUS talks about #WHO, Voice Of America, etc ""instead of virus."" #Coronavirus is so bad BECAUSE #China is so evil: a totally malicious world-conquering #bioweapon attack. You know NSC-DOD have been hard at work on China. Now dialog is shifting there",#China is so evil: a totally malicious world-conquering #bioweapon attack.NSC-DOD have been hard at work on China.,"#POTUS talks about #WHO, Voice Of America, etc ""instead of"
Worth a read for every young person below 40 without any history of any disease who thinks they are immune from the Virus as their body can cope up better than the aged person. India Fights Corona Covid19 India Covid 19,person below 40.thinks they are immune from the Virus as their body can cope up better than the aged person.,every young person below 40 without any history of any disease who thinks they are immune from the
"Herd immunity is protection from infectious disease such as #COVID19 that occurs when a large percentage of a population (80-90%) has become immune #coronavirus, through infection or vaccination. We are at least 12 months away from #vaccine. Keep vigilant and safe, wear a mask",Herd immunity is protection from infectious disease such as #COVID19 that occurs when a large percentage of a population (80-90%) has become immune #coronavirus.We are at least 12 months away from #vaccine.,Herd immunity is protection from infectious disease such as #COVID19 that occurs when 
"Now that we know the models were way off, the fatality rate was way off, and the combination of drugs that cure #COVID19 - can we start moving away from paranoia and start putting things back to normal?
#coronavirus #Isolation Cautious Optimism",the models were way off.the fatality rate was way off.,"the models were way off, the fatality rate was way off, and the combination of drugs"
"Way too much premature cheer over the IHME-predicted reduction in #Covid19 deaths.

Important: that a patient does not immediately die of Covid19 does not mean they are in the clear. Lung disease has lasting effects; once you have had a bad episode of pneumonia, you have lost lung cap","the IHME-predicted reduction in #Covid19 deaths.a patient does not immediately die of Covid19 does not mean they are in the clear.Lung disease has lasting effects.once you have had a bad episode of pneumonia, you have lost lung cap.",that a patient does not immediately die of Covid19 does not mean they are in the
"Cousin: wuhan virus is a coronavirus 
Dad: Corona is a beer brand, and I drink a lot of it, so that means I am immune to wuhan virus now 
Them: *laughs*
Me: Corona is the name of Rapunzel's kingdom","wuhan virus is a coronavirus.Corona is a beer brand, and I drink a lot of it, so that means I am immune to wuhan virus.Corona is the name of Rapunzel's kingdom.",wuhan virus is a coronavirus.Corona is a
while 80 of covid19 patients only have mild illness and recover italy reports that their hospitals are completely overwhelmed as 10 of coronavirus patients require icu care and there are not enough icu beds this is what happens in a pandemic the us must prepare now,80 of covid19 patients only have mild illness and recover.10 of coronavirus patients require icu care and there are not enough icu beds.,80 of covid19 patients only have mild illness and recover italy reports that their hospitals
"https://t.co/03xK61FdMj
Sadhu Sundar Selvaraj, Worse Than Coronavirus is coming on the Earth; Recorded March 29, 2020  I HAVE BEEN TOLD BY THE LORD ABOUT THE NEXT PLAGUE WILL B LIKE BOILS CYST ON THE BODYS &amp; THERE WINT B A CURE 4 #coronavirus HE CONFIRMED IT I SAID IT HERE",I HAVE BEEN TOLD BY THE LORD ABOUT THE NEXT PLAGUE WILL B LIKE BOILS CYST ON THE BODYS.THERE WINT B A CURE 4 #coronavirus.HE CONFIRMED IT.,NEXT PLAGUE WILL B LIKE BOILS CYST ON THE
this flattenthecurve graph surged to prominence this week but it did not say why it is so bad when medical treatment capacity is overwhelmed gt mortality rate rises so here is a small animation that shows the value of early containment and double dividend of delay covid19,this flattenthecurve graph surged to prominence this week.medical treatment capacity is overwhelmed gt mortality rate rises.,this flattenthecurve graph surged to prominence this week.it did not say why
"@SeanBoscott hey if you are still at Sainsburys, other supermarkets exsist apparently! can you get some #bleach #detergent please as #trump #POTUS says if we drink/inject said substance's and sit in the sun we can be all cured overnight of Covid 19","hey if you are still at Sainsburys, other supermarkets exsist.drink/inject said substance's and sit in the sun we can be all cured overnight of Covid 19.",if we drink/inject said substance's and sit in the sun we can be
"@bhanu_prakash07 This is 2nd time virus ravatam
1st time vachina virus ni 3 years back nundi experiments chestunnaru Wuhan  lab  lo....
China lo already journalists were arrested 1st week for writing articles on virus.Tide pods
So lab scientists need to know....
I think they were developing for bio weapon",This is 2nd time virus ravatam.they were developing for bio weapon.,This is 2nd time virus ravatam 1st time vachina virus 
"Alcohol wrongly touted as COVID-19 cure, killed 480",Alcohol wrongly touted as COVID-19 cure.killed 480.,"Alcohol wrongly touted as COVID-19 cure, killed 480."
in the 5 months since the beginning of the corona virus outbreak 3800 people worldwide have died in that same period the flu has killed over 310000 wake up people the coronavirus scare is a maufactured crisis ask yourself who benefits from this crisis feel me,in the 5 months since the beginning of the corona virus outbreak 3800 people worldwide have died.the coronavirus scare is a maufactured crisis.,in the 5 months since the beginning of the corona virus outbreak 3800 people worldwide have
"2019-nCoV was discovered by Chinese scientists in 2019. They considered it a ""novel virus"". They also concluded it was deadly and easily transmitted. 
""We Made the Coronavirus Epidemic"" 2019n CoV #pandemic 
#virology #ethics #biowarfare",2019-nCoV was discovered by Chinese scientists in 2019.They also concluded it was deadly and easily transmitted.,"2019-nCoV was discovered by Chinese scientists in 2019.They considered it a ""nov"
breakthrough chloroquine phosphate an old antimalaria drug has shown apparent efficacy in treatment of covid19 associated pneumonia in clinical studies chloroquine provides both antiviral and antiinflammatory benefits to patients,chloroquine phosphate an old antimalaria drug has shown apparent efficacy in treatment of covid19.chloroquine provides both antiviral and antiinflammatory benefits.,chloroquine phosphate an old antimalaria drug has shown apparent efficacy
"In the 5 months since the beginning of the Corona Virus outbreak, 3800 people Worldwide Have died. In that same period The flu has killed Over 310,000. Wake up people! The Coronavirus ""Scare"" Is a maufactured crisis. Ask yourself: Who benefits from this crisis? Feel me","In the 5 months since the beginning of the Corona Virus outbreak, 3800 people Worldwide Have died.The flu has killed Over 310,000.","In the 5 months since the beginning of the Corona Virus outbreak, 3800 people Worldwide Have"
"Now now, maybe injecting disinfectant could cure Coronavirus?  I hear a tad of Anthrax can do wonders for a bad cold. #Trump #Coronavirus Disinfectant Covid19",injecting disinfectant could cure Coronavirus.Anthrax can do wonders for a bad cold.,injecting disinfectant could cure Coronavirus.
"From 1999-2014, Ukraine donated more money to the Clinton Foundation than any other foreign country. Biden, Pelosi, Kerry, & Romney all have children working for Ukrainian gas companies. And all of the people I mentioned want Trump impeached. Are you connecting the dots yet? ü§î ‚Äî Educating Liberals (@Education4Libs) October 8, 2019","From 1999-2014, Ukraine donated more money to the Clinton Foundation than any other foreign country.Biden, Pelosi, Kerry, & Romney all have children working for Ukrainian gas companies.","From 1999-2014, Ukraine donated more money to the Clinton Foundation than any other foreign country."
"Abba Kyari has been sacked and replaced with Abiola Ajimobi is fake news.

President Buhari held his press conference from Cuba is fake news.

#Coronavirus is fake, that it does not exist is fake news.

Please verify your news before believing and sharing.

No2 Fake News","Abba Kyari has been sacked and replaced with Abiola Ajimobi is fake news.President Buhari held his press conference from Cuba is fake news.#Coronavirus is fake, that it does not exist is fake news.",Abba Kyari has been sacked and replaced with Abiola Ajimobi
corona update a good news for our state the pt undergoing treatment at rggh is tested negative for coronathis speedy recovery is possible only because of the meticulous treatment amp expertise of tnhealth to handle exigencies as of now tn is corona free cvb,the pt undergoing treatment at rggh is tested negative for coronathis.speedy recovery is possible only because of the meticulous treatment amp expertise of tnhealth.,the pt undergoing treatment at rggh is tested negative for corona
"@geoff_p_wade The #coronavirus outbreak hit the whole world because CCP has started #biowar to the human being on the earth

#coronavirus is #CCPVirus that was made in the Wuhan F4 lab by CCP.
It is used as Bio Weapon by CCP and killed tens of thousands of people in China",CCP has started #biowar to the human being on the earth.#coronavirus is #CCPVirus that was made in the Wuhan F4 lab by CCP.used as Bio Weapon by CCP and killed tens of thousands of people in China.,The #coronavirus outbreak hit the whole world.CCP has started #biowar
Vietnam was the first country to fully contain SARS and COVID-19 (with no deaths) and developed a quick-test kit in one month that the WHO says should have taken four years. WHO is now consulting with Vietnam to get help for the global crisis. Of course this is not in our news,Vietnam was the first country to fully contain SARS and COVID-19 (with no deaths.developed a quick-test kit in one month.WHO is now consulting with Vietnam to get help for the global crisis.,Vietnam was the first country to fully contain SARS and COVID-19 (with no deaths
this is unbelievable it reportedly took macrons threat to close the uk border for boris johnson to finally shutdown bars and restaurants the elysee refers to uk policy as benign neglect this failure of leadership is costing lives,took macrons threat to close the uk border for boris johnson to finally shutdown bars and restaurants.this failure of leadership is costing lives.,it reportedly took macrons threat to close the uk border for boris 
